{
  "num_truth":1.5226241251,
  "RBP":0.0576514648,
  "section_aware_RBP":0.0954124109,
  "NDCG@5":0.2548900279,
  "NDCG@10":0.3195800659,
  "MRR":0.2144630793,
  "RBO@5":0.0,
  "RBO@10":0.0,
  "rank_based_entropy":0.0,
  "least_item_promoted":0.0,
  "intralist_similarity":null,
  "total_articles":8.9358048994,
  "num_sections":1.0
}
