{
  "num_truth":1.5269303612,
  "RBP":0.0638098622,
  "section_aware_RBP":0.1777586062,
  "NDCG@5":0.3542436,
  "NDCG@10":0.3536308846,
  "MRR":0.3153399155,
  "RBO@5":0.0,
  "RBO@10":0.0,
  "rank_based_entropy":0.0,
  "least_item_promoted":null,
  "intralist_similarity":null,
  "total_articles":2.946540371,
  "num_sections":1.0
}
