{
  "num_truth":0.0467836257,
  "RBP":0.0538409144,
  "section_aware_RBP":0.0633151772,
  "NDCG@5":0.1508975271,
  "NDCG@10":0.250451014,
  "MRR":0.2345959596,
  "RBO@5":0.0,
  "RBO@10":0.0,
  "rank_based_entropy":0.0,
  "least_item_promoted":null,
  "intralist_similarity":null,
  "total_articles":12.0,
  "num_sections":4.0
}
