{
  "num_truth":1.5269303612,
  "RBP":0.0807939326,
  "section_aware_RBP":0.1350514419,
  "NDCG@5":0.3521847607,
  "NDCG@10":0.4219717901,
  "MRR":0.3141226523,
  "RBO@5":0.0,
  "RBO@10":0.0,
  "rank_based_entropy":0.0,
  "least_item_promoted":0.0,
  "intralist_similarity":null,
  "total_articles":8.9381838176,
  "num_sections":1.0
}
