{
  "num_truth":0.0467836257,
  "RBP":0.0429998816,
  "section_aware_RBP":0.0650280826,
  "NDCG@5":0.2084726645,
  "NDCG@10":0.2347614042,
  "MRR":0.1759259259,
  "RBO@5":0.1952342182,
  "RBO@10":0.2312813569,
  "rank_based_entropy":3.78960327,
  "least_item_promoted":0.0,
  "intralist_similarity":null,
  "total_articles":10.0,
  "num_sections":1.0
}
