{
  "num_truth":0.0922660053,
  "RBP":0.0309785807,
  "section_aware_RBP":0.0437921041,
  "NDCG@5":0.1085685456,
  "NDCG@10":0.1376344515,
  "MRR":0.1198336386,
  "RBO@5":0.0,
  "RBO@10":0.0,
  "rank_based_entropy":3.9444267911,
  "least_item_promoted":0.0,
  "intralist_similarity":null,
  "total_articles":10.0,
  "num_sections":1.0
}
