{
  "num_truth":0.0560471976,
  "RBP":0.0885497617,
  "section_aware_RBP":0.1471772074,
  "NDCG@5":0.4819138862,
  "NDCG@10":0.5278058618,
  "MRR":0.4535014006,
  "RBO@5":0.2004586748,
  "RBO@10":0.2392849357,
  "rank_based_entropy":3.8011163137,
  "least_item_promoted":0.0,
  "intralist_similarity":null,
  "total_articles":10.0,
  "num_sections":1.0
}
