{
  "num_truth":0.0922660053,
  "RBP":0.0579195146,
  "section_aware_RBP":0.075682993,
  "NDCG@5":0.1877721431,
  "NDCG@10":0.2497727933,
  "MRR":0.1908685643,
  "RBO@5":0.1983845323,
  "RBO@10":0.2349982184,
  "rank_based_entropy":3.8349662498,
  "least_item_promoted":0.0,
  "intralist_similarity":null,
  "total_articles":10.0,
  "num_sections":1.0
}
