{
  "num_truth":0.0922660053,
  "RBP":0.0525238914,
  "section_aware_RBP":0.0666649239,
  "NDCG@5":0.1406790586,
  "NDCG@10":0.2077476903,
  "MRR":0.1772921234,
  "RBO@5":0.0,
  "RBO@10":0.0,
  "rank_based_entropy":0.0,
  "least_item_promoted":null,
  "intralist_similarity":null,
  "total_articles":12.0,
  "num_sections":4.0
}
