{
  "num_truth":0.0922660053,
  "RBP":0.0800790002,
  "section_aware_RBP":0.1084499633,
  "NDCG@5":0.2701504715,
  "NDCG@10":0.3498046577,
  "MRR":0.2724053724,
  "RBO@5":0.0,
  "RBO@10":0.0,
  "rank_based_entropy":0.0,
  "least_item_promoted":null,
  "intralist_similarity":null,
  "total_articles":10.0,
  "num_sections":1.0
}
