{
  "num_truth":0.0560471976,
  "RBP":0.0455105852,
  "section_aware_RBP":0.0634412195,
  "NDCG@5":0.1400546914,
  "NDCG@10":0.2350843597,
  "MRR":0.1578940667,
  "RBO@5":0.0,
  "RBO@10":0.0,
  "rank_based_entropy":0.0,
  "least_item_promoted":null,
  "intralist_similarity":null,
  "total_articles":12.0,
  "num_sections":4.0
}
