{
  "num_truth":1.568,
  "RBP":0.0989324023,
  "section_aware_RBP":0.1657089767,
  "NDCG@5":0.4315877198,
  "NDCG@10":0.4890091771,
  "MRR":0.3728873016,
  "RBO@5":0.7501288816,
  "RBO@10":0.768647451,
  "rank_based_entropy":0.0,
  "least_item_promoted":0.0,
  "intralist_similarity":null,
  "total_articles":8.732,
  "num_sections":1.0
}
