{
  "num_truth":1.5269303612,
  "RBP":0.0915120483,
  "section_aware_RBP":0.1552914472,
  "NDCG@5":0.4078967244,
  "NDCG@10":0.4732056791,
  "MRR":0.3623437278,
  "RBO@5":0.7396445739,
  "RBO@10":0.7618884294,
  "rank_based_entropy":0.0,
  "least_item_promoted":0.0,
  "intralist_similarity":null,
  "total_articles":8.9381838176,
  "num_sections":1.0
}
