{
  "num_truth":1.5226241251,
  "RBP":0.0912963081,
  "section_aware_RBP":0.1550253461,
  "NDCG@5":0.4070431507,
  "NDCG@10":0.4726908982,
  "MRR":0.3619880089,
  "RBO@5":0.7396553886,
  "RBO@10":0.7617948474,
  "rank_based_entropy":0.0,
  "least_item_promoted":0.0,
  "intralist_similarity":null,
  "total_articles":8.9358048994,
  "num_sections":1.0
}
