pipeline,Machine,Stage,WallTime,CPUTime,Power,CPUPower,GPUPower
nrms,screamer,generate,3010.923273944005,22029.935857999997,1646181.0,248848.5413448141,913371.065
nrms_rrf_static_user,screamer,generate,11954.518031152023,75947.45907600001,4497687.0,933497.2225799273,1743800.967
nrms_sections,screamer,generate,21989.966447424027,138470.35698399978,7641162.0,1696424.09681389,2694761.833
nrms_topic_scores,screamer,generate,21532.798245757003,133503.01667499996,7547094.0,1658698.7234214891,2649860.634
nrms_topics_static,screamer,generate,11926.794623063994,75793.98786899995,4487526.0,925537.211971152,1744497.166
softmax,screamer,generate,3023.8896871960023,22285.755629000054,1657629.0,247770.40801076594,913400.764
