pipeline,num_truth,RBP,section_aware_RBP,NDCG@5,NDCG@10,MRR,RBO@5,RBO@10,rank_based_entropy,least_item_promoted,intralist_similarity,total_articles,num_sections
nrms,1.5269303612,0.0928320705,0.1583511025,0.4138806407,0.478710551,0.3708895978,0.0,0.0,0.0,0.0,,8.9381838176,1.0
nrms_rrf_static_user,1.5269303612,0.0807939326,0.1350514419,0.3521847607,0.4219717901,0.3141226523,0.0,0.0,0.0,0.0,,8.9381838176,1.0
nrms_sections,1.5269303612,0.0638098622,0.1777586062,0.3542436,0.3536308846,0.3153399155,0.0,0.0,0.0,,,2.946540371,1.0
nrms_topic_scores,1.5269303612,0.0928156023,0.1581576977,0.4135556751,0.4786134301,0.3705380962,0.0,0.0,0.0,,,8.9381838176,1.0
nrms_topics_static,1.5269303612,0.0597561815,0.0968694314,0.2600987072,0.3262791035,0.2159658401,0.0,0.0,0.0,0.0,,8.9381838176,1.0
softmax,1.5269303612,0.0915120483,0.1552914472,0.4078967244,0.4732056791,0.3623437278,0.7396445739,0.7618884294,0.0,0.0,,8.9381838176,1.0
