{
  "num_truth":0.0922660053,
  "RBP":0.0569217512,
  "section_aware_RBP":0.0819897784,
  "NDCG@5":0.2001383222,
  "NDCG@10":0.2503790659,
  "MRR":0.2147044795,
  "RBO@5":0.0,
  "RBO@10":0.0,
  "rank_based_entropy":3.8376255083,
  "least_item_promoted":0.0,
  "intralist_similarity":null,
  "total_articles":10.0,
  "num_sections":1.0
}
